context_length,sparsity,method,total_cycles,latency_us,tokens_per_second,speedup_vs_dense,effective_ddr_bandwidth_gbps,bubble_rate_pct,p_util_pct,f_util_pct,c_util_pct,avg_p_cycles,avg_f_cycles,avg_c_cycles
8192,0.01,Dense-FullKV,1069344,5346.72,187.031,1,25.1028,0,0,75.4481,24.5519,0,100850,32818
8192,0.01,Sparse-LinearNaive,27505,137.525,7271.41,38.8782,9.76905,0,63.7557,25.25,10.9944,2192,868.125,378
8192,0.01,Sparse-HashNoMerge,25784,128.92,7756.75,41.4732,10.4211,0,68.0112,20.2606,11.7282,2192,653,378
8192,0.01,Sparse-HashMerge,22221,111.105,9000.5,48.1231,12.0921,0,78.9163,7.47491,13.6087,2192,207.625,378
8192,0.01,Sparse-HashMergePipeline,18088,90.44,11057.1,59.119,14.855,0,96.9483,9.82972,16.7183,2192,222.25,378
8192,0.05,Dense-FullKV,1069344,5346.72,187.031,1,25.1028,0,0,75.4481,24.5519,0,100850,32818
8192,0.05,Sparse-LinearNaive,65009,325.045,3076.5,16.4492,20.6662,0,26.9747,52.2282,20.7971,2192,4244.12,1690
8192,0.05,Sparse-HashNoMerge,56030,280.15,3569.52,19.0852,23.978,0,31.2975,44.5726,24.1299,2192,3121.75,1690
8192,0.05,Sparse-HashMerge,34609,173.045,5778.84,30.8979,38.819,0,50.6689,10.2661,39.065,2192,444.125,1690
8192,0.05,Sparse-HashMergePipeline,19654,98.27,10176,54.4085,68.357,0,89.2236,17.6249,68.7901,2192,433,1690
8192,0.1,Dense-FullKV,1069344,5346.72,187.031,1,25.1028,0,0,75.4481,24.5519,0,100850,32818
8192,0.1,Sparse-LinearNaive,112279,561.395,1781.28,9.52399,23.9312,0,15.6182,60.6552,23.7266,2192,8512.88,3330
8192,0.1,Sparse-HashNoMerge,93878,469.39,2130.42,11.3908,28.622,0,18.6796,52.9432,28.3773,2192,6212.75,3330
8192,0.1,Sparse-HashMerge,49131,245.655,4070.75,21.7652,54.69,0,35.6923,10.0853,54.2224,2192,619.375,3330
8192,0.1,Sparse-HashMergePipeline,29388,146.94,6805.5,36.3871,91.4311,0,59.6706,14.2303,90.6492,2192,522.75,3330
16384,0.01,Dense-FullKV,2138288,10691.4,93.5328,1,25.1075,0,0,75.4622,24.5378,0,201700,65586
16384,0.01,Sparse-LinearNaive,53543,267.715,3735.32,39.9359,10.0367,0,63.351,26.1005,10.5485,4240,1746.88,706
16384,0.01,Sparse-HashNoMerge,49478,247.39,4042.2,43.2169,10.8613,0,68.5557,20.0291,11.4152,4240,1238.75,706
16384,0.01,Sparse-HashMerge,41700,208.5,4796.16,51.2779,12.8872,0,81.3429,5.11271,13.5444,4240,266.5,706
16384,0.01,Sparse-HashMergePipeline,34964,174.82,5720.17,61.1568,15.37,0,97.0141,7.79659,16.1538,4240,340.75,706
16384,0.05,Dense-FullKV,2138288,10691.4,93.5328,1,25.1075,0,0,75.4622,24.5378,0,201700,65586
16384,0.05,Sparse-LinearNaive,128405,642.025,1557.57,16.6527,20.9258,0,26.4164,52.8367,20.7469,4240,8480.62,3330
16384,0.05,Sparse-HashNoMerge,111014,555.07,1801.57,19.2614,24.2039,0,30.5547,45.4483,23.997,4240,6306.75,3330
16384,0.05,Sparse-HashMerge,65965,329.825,3031.91,32.4155,40.7334,0,51.4212,8.19374,40.3851,4240,675.625,3330
16384,0.05,Sparse-HashMergePipeline,37873,189.365,5280.81,56.4594,70.947,0,89.5625,12.5525,70.3403,4240,594.25,3330
16384,0.1,Dense-FullKV,2138288,10691.4,93.5328,1,25.1075,0,0,75.4622,24.5378,0,201700,65586
16384,0.1,Sparse-LinearNaive,219676,1098.38,910.432,9.73383,24.4482,0,15.4409,60.5018,24.0572,4240,16613.5,6606
16384,0.1,Sparse-HashNoMerge,186598,932.99,1071.82,11.4593,28.7821,0,18.1781,53.5,28.3218,4240,12478.8,6606
16384,0.1,Sparse-HashMerge,94251,471.255,2121.99,22.6872,56.9827,0,35.989,7.93944,56.0716,4240,935.375,6606
16384,0.1,Sparse-HashMergePipeline,57948,289.74,3451.37,36.9001,92.6809,0,58.5352,11.0375,91.199,4240,799.5,6606
32768,0.01,Dense-FullKV,4276176,21380.9,46.7708,1,25.1099,0,0,75.4693,24.5307,0,403400,131122
32768,0.01,Sparse-LinearNaive,104882,524.41,1906.9,40.7713,10.2476,0,63.5838,26.0273,10.3888,8336,3412.25,1362
32768,0.01,Sparse-HashNoMerge,97257,486.285,2056.41,43.9678,11.051,0,68.5688,20.2278,11.2033,8336,2459.12,1362
32768,0.01,Sparse-HashMerge,80838,404.19,2474.08,52.8981,13.2956,0,82.4959,4.02533,13.4788,8336,406.75,1362
32768,0.01,Sparse-HashMergePipeline,68501,342.505,2919.67,62.425,15.6901,0,97.3533,5.75466,15.9063,8336,492.75,1362
32768,0.05,Dense-FullKV,4276176,21380.9,46.7708,1,25.1099,0,0,75.4693,24.5307,0,403400,131122
32768,0.05,Sparse-LinearNaive,254842,1274.21,784.8,16.7797,21.0745,0,26.1684,53.0941,20.7376,8336,16913.2,6606
32768,0.05,Sparse-HashNoMerge,218926,1094.63,913.551,19.5325,24.5319,0,30.4614,45.3989,24.1397,8336,12423.8,6606
32768,0.05,Sparse-HashMerge,127232,636.16,1571.93,33.6093,42.2117,0,52.4145,6.04879,41.5367,8336,962,6606
32768,0.05,Sparse-HashMergePipeline,74139,370.695,2697.64,57.6778,72.4406,0,89.95,10.6435,71.2823,8336,986.375,6606
32768,0.1,Dense-FullKV,4276176,21380.9,46.7708,1,25.1099,0,0,75.4693,24.5307,0,403400,131122
32768,0.1,Sparse-LinearNaive,439854,2199.27,454.696,9.72181,24.4128,0,15.1614,60.907,23.9316,8336,33487.8,13158
32768,0.1,Sparse-HashNoMerge,372196,1860.98,537.351,11.489,28.8506,0,17.9174,53.8007,28.2819,8336,25030.5,13158
32768,0.1,Sparse-HashMerge,182416,912.08,1096.4,23.4419,58.8659,0,36.5582,5.73634,57.7055,8336,1308,13158
32768,0.1,Sparse-HashMergePipeline,114846,574.23,1741.46,37.234,93.4998,0,58.0673,8.62372,91.6567,8336,1238,13158
65536,0.01,Dense-FullKV,8551952,42759.8,23.3865,1,25.111,0,0,75.4728,24.5272,0,806800,262194
65536,0.01,Sparse-LinearNaive,207380,1036.9,964.413,41.2381,10.3654,0,63.7593,25.9254,10.3154,16528,6720.5,2674
65536,0.01,Sparse-HashNoMerge,194393,971.965,1028.84,43.9931,11.0579,0,68.0189,20.9766,11.0045,16528,5097.12,2674
65536,0.01,Sparse-HashMerge,158109,790.545,1264.95,54.089,13.5956,0,83.6284,2.84171,13.5299,16528,561.625,2674
65536,0.01,Sparse-HashMergePipeline,135550,677.75,1475.47,63.0908,15.8582,0,97.5463,4.07377,15.7816,16528,690.25,2674
65536,0.05,Dense-FullKV,8551952,42759.8,23.3865,1,25.111,0,0,75.4728,24.5272,0,806800,262194
65536,0.05,Sparse-LinearNaive,501557,2507.78,398.758,17.0508,21.4095,0,26.3627,52.6498,20.9874,16528,33008.6,13158
65536,0.05,Sparse-HashNoMerge,436054,2180.27,458.659,19.6121,24.6256,0,30.3228,45.537,24.1401,16528,24820.8,13158
65536,0.05,Sparse-HashMerge,248838,1244.19,803.736,34.3675,43.1529,0,53.1366,4.5612,42.3022,16528,1418.75,13158
65536,0.05,Sparse-HashMergePipeline,146760,733.8,1362.77,58.2717,73.1676,0,90.0954,7.50273,71.7253,16528,1376.38,13158
65536,0.1,Dense-FullKV,8551952,42759.8,23.3865,1,25.111,0,0,75.4728,24.5272,0,806800,262194
65536,0.1,Sparse-LinearNaive,870542,4352.71,229.742,9.82371,24.6699,0,15.1887,60.6737,24.1376,16528,66023.8,26266
65536,0.1,Sparse-HashNoMerge,739133,3695.66,270.587,11.5702,29.0559,0,17.8891,53.6819,28.429,16528,49597.6,26266
65536,0.1,Sparse-HashMerge,362200,1811,552.181,23.6111,59.2936,0,36.5058,5.47985,58.0144,16528,2481,26266
65536,0.1,Sparse-HashMergePipeline,228952,1144.76,873.546,37.3526,93.802,0,57.7518,7.5553,91.7782,16528,2162.25,26266
131072,0.01,Dense-FullKV,17103504,85517.5,11.6935,1,25.1116,0,0,75.4746,24.5254,0,1.6136e+06,524338
131072,0.01,Sparse-LinearNaive,411875,2059.38,485.584,41.526,10.4301,0,63.9262,25.7911,10.2827,32912,13278.4,5294
131072,0.01,Sparse-HashNoMerge,383325,1916.62,521.75,44.6188,11.2069,0,68.6874,20.264,11.0486,32912,9709.62,5294
131072,0.01,Sparse-HashMerge,312740,1563.7,639.509,54.6892,13.7363,0,84.1901,2.2677,13.5422,32912,886.5,5294
131072,0.01,Sparse-HashMergePipeline,269507,1347.54,742.096,63.4622,15.9398,0,97.6954,3.04333,15.7146,32912,1025.25,5294
131072,0.05,Dense-FullKV,17103504,85517.5,11.6935,1,25.1116,0,0,75.4746,24.5254,0,1.6136e+06,524338
131072,0.05,Sparse-LinearNaive,1008282,5041.41,198.357,16.963,21.2997,0,26.1133,53.0465,20.8402,32912,66857.2,26266
131072,0.05,Sparse-HashNoMerge,867999,4339.99,230.415,19.7045,24.7421,0,30.3337,45.458,24.2083,32912,49321.9,26266
131072,0.05,Sparse-HashMerge,494008,2470.04,404.852,34.6219,43.4733,0,53.2979,4.16673,42.5353,32912,2573,26266
131072,0.05,Sparse-HashMergePipeline,292065,1460.33,684.779,58.5606,73.5321,0,90.1498,6.85875,71.9456,32912,2504,26266
131072,0.1,Dense-FullKV,17103504,85517.5,11.6935,1,25.1116,0,0,75.4746,24.5254,0,1.6136e+06,524338
131072,0.1,Sparse-LinearNaive,1746186,8730.93,114.535,9.79478,24.5978,0,15.0783,60.8775,24.0442,32912,132879,52482
131072,0.1,Sparse-HashNoMerge,1473547,7367.73,135.727,11.607,29.1489,0,17.8682,53.6389,28.4929,32912,98799.4,52482
131072,0.1,Sparse-HashMerge,723384,3616.92,276.478,23.6437,59.3769,0,36.3978,5.56164,58.0405,32912,5029,52482
131072,0.1,Sparse-HashMergePipeline,457049,2285.24,437.59,37.4216,93.9774,0,57.6078,7.61931,91.8624,32912,4353,52482
